"","BOMB","HOSTAGE","SECURE_AREA"
"Attacker",0.506479577126382,0.509327970797495,0.507283639117545
"Defender",0.510731274055068,0.511251670207346,0.511290331483218
