"","BOMB","HOSTAGE","SECURE_AREA"
"Attacker",0.504476088784738,0.508349285819467,0.505619356722605
"Defender",0.510614106662743,0.512310269025437,0.511477711202434
