"","BOMB","HOSTAGE","SECURE_AREA"
"Attacker",0.504627635108838,0.507624631970149,0.505668108663059
"Defender",0.510744598113144,0.511874263121969,0.511711643449559
