"","BOMB","HOSTAGE","SECURE_AREA"
"Attacker",0.505393352797664,0.508054054054054,0.505819989055853
"Defender",0.51077268178069,0.511685817283331,0.511794558581156
