"","BOMB","HOSTAGE","SECURE_AREA"
"Attacker",0.504813877015359,0.507829750665409,0.506332250656941
"Defender",0.510949834721269,0.511625154661359,0.511866472158519
