"","BOMB","HOSTAGE","SECURE_AREA"
"Attacker",0.507763442162861,0.509801817104299,0.508396620780389
"Defender",0.509723257950617,0.510162503809936,0.510831574032318
