"","BOMB","HOSTAGE","SECURE_AREA"
"Attacker",0.505979758900106,0.508641106565771,0.506835997940974
"Defender",0.510462550515276,0.511752398032662,0.511483631405207
