"","BOMB","HOSTAGE","SECURE_AREA"
"Attacker",0.50492392743848,0.507861157988029,0.505763129786002
"Defender",0.510884352432503,0.511507936507936,0.511639369886206
