"","BOMB","HOSTAGE","SECURE_AREA"
"Attacker",0.505049167434124,0.508014242612477,0.505988094433514
"Defender",0.511026265286848,0.51170581477298,0.511428977807847
