"","BOMB","HOSTAGE","SECURE_AREA"
"Attacker",0.504678727386151,0.508398635901901,0.505778777152407
"Defender",0.510565860761009,0.512109897777986,0.511509163885921
