"","BOMB","HOSTAGE","SECURE_AREA"
"Attacker",0.506294843130482,0.509609406963831,0.506994287415847
"Defender",0.510073398562689,0.511522424675152,0.510812546300115
