"","BOMB","HOSTAGE","SECURE_AREA"
"Attacker",0.508535705192545,0.510988441647748,0.508698549292805
"Defender",0.509939021212279,0.51146472575044,0.510865984114022
