"","BOMB","HOSTAGE","SECURE_AREA"
"Attacker",0.50612616523763,0.509505382633835,0.507056767844234
"Defender",0.510220954923744,0.511501605155809,0.511023854293404
