"","BOMB","HOSTAGE","SECURE_AREA"
"Attacker",0.506883059813747,0.50945699501327,0.506908856630166
"Defender",0.509740651834463,0.511363539089718,0.510468956483301
