"","BOMB","HOSTAGE","SECURE_AREA"
"Attacker",0.506585367369645,0.508831159947819,0.507105161830989
"Defender",0.510147241926343,0.511463305360743,0.51111529075353
